Data,Algo,K,Precision@k,Recall@k,NDCG@k,Mean average precision,diversity,Hit
1807948,autoencoder,10,0.008762345030468348,0.006234233911158293,0.006629427440433699,0.002536721313293772 ,0.0773443035415149,0.07270434965328851
1807948,autoencoder,25,0.006966169363311694,0.012281838588245999,0.00900297306465374,0.0030851465512972097 ,0.09596582792593891,0.13154023954612312
1807948,autoencoder,50,0.005734818239125854,0.020102836706564455,0.011888353955146955,0.003442517550694262 ,0.11330348514220281,0.20025215381382644
5423844,cosine_similarity,10,0.009153183441899321,0.006496021576078638,0.007070820630735695,0.0027638481088244674 ,0.08732184545446178,0.07383904181550746
5423844,cosine_similarity,25,0.007194788821180976,0.012648259339788396,0.009407101286570867,0.0033113750910614185 ,0.10701611416326844,0.1347341878545913
5423844,cosine_similarity,50,0.005988653078377868,0.02096010116541165,0.012447745729171181,0.0037074890252911633 ,0.1256924946890384,0.20512712754780416
