Algo,K,Precision@k,Recall@k,NDCG@k,Mean average precision,diversity
autoencoder,10,0.008762345030468348,0.006234233911158293,0.008157185139997301 ,0.002536721313293772 ,0.0773443035415149,
autoencoder,25,0.006966169363311694,0.012281838588245999,0.009216259680219642 ,0.0030851465512972097 ,0.09596582792593891,
autoencoder,50,0.005734818239125854,0.020102836706564455,0.011999622366089773 ,0.003442517550694262 ,0.11330348514220281,
cosine_similarity,10,0.009153183441899321,0.006496021576078638,0.00837967218081901 ,0.0027638481088244674 ,0.08732184545446178,
cosine_similarity,25,0.007194788821180976,0.012648259339788396,0.009544899605619049 ,0.0033113750910614185 ,0.10701611416326844,
cosine_similarity,50,0.005988653078377868,0.02096010116541165,0.01266898711836981 ,0.0037074890252911633 ,0.1256924946890384,
